Call ID,Caller,Recipient,Duration (s),Timestamp,Call Type,Sentiment,Topic,Satisfaction Score
CALL220991,+12563377920,+14742852713,2799,2025-03-11 21:52:13.231601,Incoming,Negative,Technical Support,2.0
CALL897994,+16098814130,+16548622197,2566,2025-03-16 02:35:13.231601,Incoming,Positive,Cancellation Request,4.6
CALL517581,+19014752270,+13690777528,2195,2025-03-13 23:40:13.231601,Outgoing,Positive,General Inquiry,4.2
CALL226968,+15158628698,+12023431563,385,2025-02-20 07:37:13.231601,Outgoing,Positive,New Plan Inquiry,4.5
CALL771903,+13954292012,+19288742825,141,2025-03-11 07:29:13.231601,Outgoing,Negative,Cancellation Request,1.6
CALL248502,+18294092643,+18288981909,3120,2025-03-18 12:55:13.231601,Outgoing,Neutral,Technical Support,3.4
CALL960546,+19905297392,+12497729694,3046,2025-03-13 17:53:13.231601,Incoming,Positive,Service Upgrade,4.6
CALL824975,+17644389845,+12661650980,3150,2025-03-11 07:08:13.231601,Incoming,Positive,New Plan Inquiry,4.6
CALL470048,+15305898228,+16507570060,3227,2025-03-14 15:23:13.231601,Incoming,Negative,Billing Inquiry,1.8
CALL332985,+14626500484,+19018018060,457,2025-02-17 19:15:13.231601,Outgoing,Negative,Cancellation Request,1.3
CALL758130,+14156140033,+12362932457,2916,2025-03-08 01:16:13.231601,Incoming,Neutral,Technical Support,3.0
CALL398324,+13513910023,+18532300286,2275,2025-03-15 09:16:13.231601,Outgoing,Negative,Cancellation Request,1.4
CALL702242,+15937694690,+18974784109,2555,2025-02-20 02:10:13.231601,Incoming,Negative,General Inquiry,1.3
CALL352979,+12148109937,+15191835952,1431,2025-03-14 15:37:13.231601,Outgoing,Neutral,Billing Inquiry,2.9
CALL838691,+13786526387,+18724904526,3258,2025-03-06 04:07:13.231601,Outgoing,Neutral,General Inquiry,2.6
CALL711666,+18783832197,+14892187765,1545,2025-03-03 11:16:13.231601,Incoming,Negative,Service Upgrade,2.3
CALL490335,+16741836890,+12931510005,904,2025-03-11 10:56:13.231601,Outgoing,Positive,General Inquiry,4.4
CALL829986,+16045100806,+16789091245,871,2025-03-10 09:07:13.231601,Incoming,Negative,General Inquiry,2.3
CALL660550,+14179334345,+12039980385,2371,2025-02-20 16:19:13.231601,Incoming,Neutral,Cancellation Request,3.2
CALL221741,+15348236019,+19770199787,1187,2025-03-15 07:55:13.231601,Incoming,Neutral,General Inquiry,3.2
CALL478362,+16893991538,+19781762908,1879,2025-02-27 10:36:13.231601,Incoming,Negative,Service Upgrade,1.8
CALL862317,+19348568383,+12305522887,621,2025-03-18 08:48:13.231601,Incoming,Positive,Technical Support,4.2
CALL737707,+12353461083,+19865793917,2198,2025-02-19 21:09:13.231601,Outgoing,Negative,Service Upgrade,2.2
CALL784274,+19919911183,+16508356875,2977,2025-02-18 22:02:13.231601,Outgoing,Positive,New Plan Inquiry,4.1
CALL756625,+19686763960,+16224948433,2239,2025-03-14 06:25:13.231601,Incoming,Negative,Cancellation Request,1.1
CALL706611,+12270976704,+16085782799,1579,2025-03-08 14:30:13.231601,Outgoing,Neutral,Billing Inquiry,3.4
CALL675005,+18678866584,+18625492674,1638,2025-02-20 01:32:13.231601,Incoming,Negative,Cancellation Request,2.3
CALL565368,+16691052604,+18695038108,1819,2025-03-17 09:14:13.231601,Outgoing,Neutral,Cancellation Request,2.5
CALL682504,+16646028096,+19695344053,980,2025-02-19 11:36:13.231601,Outgoing,Positive,Technical Support,4.7
CALL675174,+16199254138,+16371347208,711,2025-03-15 09:56:13.231601,Incoming,Positive,Billing Inquiry,4.0
CALL669931,+14509991904,+19183533368,3285,2025-03-08 17:55:13.231601,Outgoing,Neutral,Technical Support,3.8
CALL506844,+12770643583,+13214423099,526,2025-03-18 03:39:13.231601,Outgoing,Neutral,New Plan Inquiry,3.9
CALL868104,+14545860524,+18771312231,3435,2025-03-16 20:23:13.231601,Incoming,Neutral,Billing Inquiry,3.9
CALL220063,+15411610222,+12755119913,1303,2025-03-02 04:34:13.231601,Outgoing,Negative,Technical Support,1.2
CALL636679,+17742395796,+18170097973,2879,2025-03-18 13:24:13.231601,Incoming,Neutral,Cancellation Request,3.5
CALL508330,+12506485205,+19279520779,3516,2025-03-02 09:15:13.231601,Outgoing,Negative,Billing Inquiry,1.1
CALL368970,+13920593171,+13605224065,1896,2025-03-13 06:18:13.231601,Outgoing,Negative,New Plan Inquiry,1.8
CALL257283,+19525266523,+12650749812,1956,2025-03-01 21:21:13.231601,Outgoing,Positive,Billing Inquiry,4.7
CALL832599,+17941965742,+13708781295,24,2025-02-21 02:08:13.231601,Outgoing,Negative,Service Upgrade,1.9
CALL480711,+18249412525,+18654391819,2031,2025-03-14 07:40:13.231601,Outgoing,Neutral,Cancellation Request,3.3
CALL707637,+14078004635,+19225442361,2152,2025-03-09 04:14:13.231601,Outgoing,Negative,Technical Support,1.4
CALL595909,+16217790688,+12435924460,1307,2025-02-19 23:01:13.231601,Outgoing,Positive,Technical Support,4.7
CALL879200,+17507677430,+13930674604,3156,2025-02-18 10:47:13.231601,Outgoing,Positive,New Plan Inquiry,5.0
CALL352620,+18621971551,+19359129222,2992,2025-02-20 00:45:13.231601,Incoming,Neutral,Billing Inquiry,3.7
CALL752152,+18047571166,+13952642507,534,2025-03-03 11:38:13.231601,Outgoing,Positive,Cancellation Request,5.0
CALL749823,+19069764679,+12828630920,3126,2025-03-13 20:50:13.231601,Incoming,Negative,Service Upgrade,1.3
CALL506885,+16043577967,+19475382245,950,2025-02-28 21:11:13.231601,Outgoing,Negative,Technical Support,1.3
CALL543146,+15260834803,+15477687809,3431,2025-03-13 11:38:13.231601,Incoming,Neutral,Service Upgrade,2.6
CALL800252,+17523986014,+15231057655,2445,2025-02-19 20:33:13.231601,Incoming,Positive,New Plan Inquiry,4.2
CALL777714,+14352703661,+14583695259,1738,2025-02-19 06:44:13.231601,Incoming,Positive,Technical Support,4.5
CALL200574,+14028756189,+19311074161,3126,2025-03-18 16:38:13.231601,Incoming,Negative,General Inquiry,1.4
CALL729672,+18284027821,+12138659802,747,2025-03-13 22:53:13.231601,Outgoing,Positive,Cancellation Request,4.0
CALL965178,+17338057569,+15511336880,2067,2025-03-16 04:44:13.231601,Outgoing,Positive,Technical Support,4.8
CALL131868,+14941324377,+17706514739,1577,2025-03-17 04:35:13.231601,Incoming,Positive,General Inquiry,4.2
CALL979687,+12753042631,+18613714188,1621,2025-02-26 09:41:13.231601,Incoming,Negative,Billing Inquiry,2.1
CALL747752,+18006537604,+16354604742,1746,2025-02-26 10:01:13.231601,Incoming,Positive,General Inquiry,4.8
CALL607105,+14408670717,+14854409299,1758,2025-02-27 09:50:13.231601,Outgoing,Positive,General Inquiry,4.1
CALL729636,+19059094572,+15159347155,2997,2025-03-16 19:23:13.231601,Outgoing,Neutral,Cancellation Request,3.9
CALL539743,+12204035584,+17818083252,788,2025-03-02 13:42:13.231601,Outgoing,Negative,Service Upgrade,1.3
CALL532654,+16993068293,+16292107636,3136,2025-02-25 05:29:13.231601,Outgoing,Neutral,New Plan Inquiry,2.6
CALL100395,+14218951493,+12876126012,1492,2025-03-06 21:43:13.231601,Outgoing,Positive,New Plan Inquiry,4.8
CALL829879,+12462213078,+14626787264,2187,2025-03-13 00:06:13.231601,Outgoing,Negative,Billing Inquiry,1.1
CALL282071,+13216730181,+12562881983,3166,2025-02-18 13:30:13.231601,Incoming,Negative,Billing Inquiry,1.8
CALL992594,+16161980216,+18699477856,1109,2025-03-02 20:52:13.231601,Outgoing,Negative,New Plan Inquiry,1.6
CALL137416,+13540470178,+17154566906,1131,2025-02-19 13:32:13.231601,Incoming,Neutral,Service Upgrade,3.1
CALL128452,+13680228366,+16914629655,1846,2025-03-19 15:21:13.231601,Outgoing,Positive,Billing Inquiry,4.5
CALL889445,+12455547582,+13990293094,3052,2025-03-18 07:11:13.231601,Outgoing,Negative,Cancellation Request,2.4
CALL243803,+17928079627,+13906303701,1547,2025-03-10 01:03:13.231601,Outgoing,Negative,New Plan Inquiry,1.6
CALL803292,+12968844634,+18306938347,3533,2025-03-19 14:55:13.231601,Outgoing,Neutral,General Inquiry,3.8
CALL970110,+13205720082,+14694388572,2453,2025-03-15 21:17:13.231601,Incoming,Positive,General Inquiry,4.9
CALL314610,+13152384350,+14719355773,1119,2025-03-05 08:07:13.231601,Incoming,Positive,Cancellation Request,4.5
CALL577685,+15396924100,+17753313232,2207,2025-03-05 10:34:13.231601,Outgoing,Neutral,New Plan Inquiry,3.8
CALL841738,+12983714520,+14959991778,2631,2025-03-10 14:16:13.231601,Incoming,Positive,Cancellation Request,5.0
CALL915520,+16840704243,+14385642439,1126,2025-02-19 18:21:13.231601,Incoming,Negative,New Plan Inquiry,2.0
CALL207468,+13040071333,+12337729187,3345,2025-03-14 21:13:13.231601,Incoming,Neutral,Technical Support,3.8
CALL958157,+19839675281,+16934843854,3344,2025-03-17 06:23:13.231601,Outgoing,Neutral,Service Upgrade,2.7
CALL965409,+18566321563,+14079849588,1933,2025-03-04 00:56:13.231601,Outgoing,Neutral,Cancellation Request,3.2
CALL204861,+15454377588,+16611064479,2144,2025-03-11 07:27:13.231601,Incoming,Neutral,Billing Inquiry,3.4
CALL886279,+17115847495,+12767448901,845,2025-02-22 13:38:13.231601,Incoming,Negative,Technical Support,2.0
CALL790991,+13033559586,+16592923661,1232,2025-02-19 04:07:13.231601,Incoming,Positive,Billing Inquiry,4.2
CALL250217,+16783993165,+18323226430,1392,2025-02-22 06:37:13.231601,Outgoing,Negative,Billing Inquiry,2.3
CALL149489,+16051482312,+13287036654,1288,2025-03-15 12:31:13.231601,Outgoing,Negative,Cancellation Request,2.1
CALL614988,+15117993081,+18938764856,1847,2025-02-28 09:12:13.231601,Incoming,Neutral,General Inquiry,2.7
CALL329856,+13556247665,+16971881589,185,2025-02-18 22:36:13.231601,Incoming,Negative,Service Upgrade,1.5
CALL223939,+15441453100,+15027165435,3291,2025-02-20 06:21:13.231601,Incoming,Neutral,Cancellation Request,3.8
CALL315105,+18904738995,+15851094006,1165,2025-03-05 09:16:13.231601,Incoming,Negative,Service Upgrade,1.2
CALL197197,+17537460004,+16993486995,54,2025-02-20 19:37:13.231601,Outgoing,Negative,Cancellation Request,2.3
CALL744864,+12346063639,+15814507460,3070,2025-02-25 21:33:13.231601,Incoming,Positive,General Inquiry,4.1
CALL287456,+19130644529,+18228669984,2754,2025-02-19 04:01:13.231601,Outgoing,Negative,Technical Support,2.1
CALL627565,+16593014126,+14955974978,2248,2025-03-01 05:56:13.231601,Incoming,Positive,Cancellation Request,4.4
CALL433177,+17784646996,+17206898129,1726,2025-03-06 20:39:13.231601,Outgoing,Neutral,Service Upgrade,2.9
CALL176810,+14888796225,+12640377295,804,2025-02-20 23:16:13.231601,Incoming,Negative,Service Upgrade,1.3
CALL785819,+19215255638,+19210543209,886,2025-03-04 03:17:13.231601,Outgoing,Positive,Cancellation Request,4.8
CALL930902,+12682036524,+17484718142,3598,2025-02-25 01:47:13.231601,Outgoing,Positive,New Plan Inquiry,4.9
CALL538555,+12551348216,+14627384133,2815,2025-03-09 16:58:13.231601,Outgoing,Positive,Cancellation Request,4.1
CALL934835,+16199673472,+16469007881,3282,2025-03-15 00:54:13.231601,Outgoing,Positive,Technical Support,4.1
CALL280424,+19497767568,+19238143242,2241,2025-03-05 07:30:13.231601,Incoming,Negative,Billing Inquiry,1.7
CALL881000,+12320735186,+14589177053,2953,2025-02-20 00:05:13.231601,Outgoing,Neutral,Billing Inquiry,3.2
CALL837701,+17535783763,+13888308610,1184,2025-03-07 17:57:13.231601,Outgoing,Positive,General Inquiry,4.5
CALL524496,+16486553604,+19314353514,2726,2025-03-05 09:04:13.231601,Outgoing,Neutral,General Inquiry,3.3
CALL524522,+18066851136,+12098206154,1727,2025-02-18 16:20:13.231601,Incoming,Positive,New Plan Inquiry,4.9
CALL193309,+17045847392,+12565955774,2474,2025-03-01 05:24:13.231601,Outgoing,Neutral,Technical Support,2.9
CALL455401,+14745562986,+12492445349,642,2025-03-17 07:37:13.231601,Outgoing,Negative,Cancellation Request,2.1
CALL974287,+18221878555,+17629533630,3451,2025-03-18 08:03:13.231601,Outgoing,Neutral,Billing Inquiry,3.0
CALL821174,+19842843245,+18939062695,2615,2025-03-09 22:03:13.231601,Incoming,Neutral,Service Upgrade,3.0
CALL684127,+17297361751,+17412222539,2238,2025-03-08 22:24:13.231601,Outgoing,Negative,Technical Support,2.1
CALL109344,+14429201165,+17370586273,1338,2025-02-25 18:28:13.231601,Incoming,Neutral,New Plan Inquiry,3.8
CALL926135,+18600038189,+15910169628,964,2025-03-01 23:43:13.231601,Incoming,Negative,Service Upgrade,2.2
CALL461556,+17350128560,+19742281756,1187,2025-03-17 11:08:13.231601,Incoming,Negative,General Inquiry,1.6
CALL662506,+18803243714,+17550071686,175,2025-03-16 02:39:13.231601,Incoming,Positive,Technical Support,4.1
CALL702216,+13923910978,+18372170458,2628,2025-03-02 02:03:13.231601,Incoming,Negative,Service Upgrade,1.4
CALL391051,+16408791052,+15545259278,317,2025-03-12 01:44:13.231601,Incoming,Positive,New Plan Inquiry,4.1
CALL808498,+19829870115,+16959519492,2212,2025-02-28 22:15:13.231601,Incoming,Positive,Billing Inquiry,4.9
CALL794362,+16278180133,+19359088613,1226,2025-03-06 18:53:13.231601,Outgoing,Negative,Cancellation Request,1.2
CALL838536,+12371523548,+15005911353,23,2025-03-13 12:50:13.231601,Outgoing,Negative,Service Upgrade,2.2
CALL407188,+18254950208,+14850182898,2201,2025-03-10 05:14:13.231601,Incoming,Neutral,Service Upgrade,3.1
CALL924475,+19663947455,+19585831725,2517,2025-02-24 06:29:13.231601,Incoming,Neutral,Service Upgrade,2.9
CALL955841,+17808228998,+19489179546,2223,2025-03-10 00:02:13.231601,Outgoing,Positive,Billing Inquiry,4.7
CALL540849,+19688470939,+15529803054,2540,2025-03-07 07:50:13.231601,Incoming,Neutral,Cancellation Request,3.5
CALL727344,+18052353266,+13915093173,2719,2025-03-18 20:53:13.231601,Incoming,Positive,New Plan Inquiry,4.7
CALL541439,+17464535133,+15245435004,2925,2025-03-15 07:07:13.231601,Incoming,Neutral,New Plan Inquiry,3.0
CALL421685,+18997280686,+17666670373,2962,2025-02-19 09:35:13.231601,Incoming,Neutral,Cancellation Request,3.2
CALL759449,+19145146118,+12243151384,2253,2025-02-24 17:26:13.231601,Outgoing,Negative,New Plan Inquiry,1.7
CALL248569,+13636934780,+18849564324,2324,2025-03-16 03:31:13.231601,Outgoing,Negative,Billing Inquiry,2.2
CALL220171,+13969767981,+19992633723,814,2025-02-24 08:07:13.231601,Outgoing,Positive,Service Upgrade,4.7
CALL734399,+14799462144,+13325784362,824,2025-02-21 22:52:13.231601,Incoming,Neutral,Service Upgrade,3.2
CALL621233,+16209333652,+18765586515,3586,2025-02-25 02:30:13.231601,Outgoing,Negative,Billing Inquiry,1.1
CALL397166,+13918181834,+17477254178,1233,2025-03-05 04:05:13.231601,Incoming,Negative,General Inquiry,1.4
CALL388377,+18929329299,+17736100475,3055,2025-02-28 15:30:13.231601,Outgoing,Positive,New Plan Inquiry,5.0
CALL195935,+16700043258,+12581198924,693,2025-03-05 10:36:13.231601,Incoming,Positive,Technical Support,4.6
CALL282187,+19235904332,+14586711843,665,2025-02-28 02:37:13.231601,Outgoing,Neutral,General Inquiry,3.6
CALL864475,+13184391750,+14093825597,857,2025-03-06 13:07:13.231601,Outgoing,Negative,Service Upgrade,1.2
CALL857041,+12014811203,+15400192346,976,2025-03-09 17:22:13.231601,Incoming,Negative,Cancellation Request,2.0
CALL429419,+13283551530,+12346458796,143,2025-02-27 13:48:13.231601,Outgoing,Positive,New Plan Inquiry,5.0
CALL145987,+17470107750,+14918497594,2678,2025-03-11 02:47:13.231601,Outgoing,Positive,Technical Support,4.9
CALL734328,+15675117250,+18776149966,150,2025-03-06 09:26:13.231601,Incoming,Negative,General Inquiry,1.8
CALL394549,+14817312602,+12070116351,1088,2025-03-16 21:58:13.231601,Incoming,Positive,Service Upgrade,4.4
CALL651518,+13433678222,+13984590880,334,2025-02-19 07:00:13.231601,Incoming,Positive,Service Upgrade,4.6
CALL154864,+18035499185,+13415761861,562,2025-03-01 19:00:13.231601,Outgoing,Positive,General Inquiry,4.0
CALL898614,+16309283763,+12460663078,1114,2025-02-26 06:55:13.231601,Incoming,Positive,Billing Inquiry,4.2
CALL549621,+12361540807,+13324977568,3593,2025-02-26 22:41:13.231601,Incoming,Positive,New Plan Inquiry,4.2
CALL933310,+16798208700,+13674761705,1751,2025-02-25 13:21:13.231601,Outgoing,Negative,Technical Support,1.3
CALL570911,+18561394854,+12551606409,31,2025-03-15 09:30:13.231601,Incoming,Positive,Cancellation Request,4.8
CALL438859,+12792484297,+13460646298,156,2025-02-28 03:43:13.231601,Outgoing,Neutral,General Inquiry,3.2
CALL418488,+17993772442,+18270773463,442,2025-02-23 14:55:13.231601,Incoming,Positive,Billing Inquiry,4.3
CALL404990,+18862682938,+16518991411,2010,2025-03-02 14:24:13.231601,Incoming,Neutral,Billing Inquiry,2.9
CALL460926,+15566124406,+19991572686,1395,2025-02-26 22:00:13.231601,Outgoing,Neutral,Cancellation Request,2.6
CALL357846,+12169654840,+16888849773,3500,2025-02-22 11:28:13.231601,Incoming,Negative,Cancellation Request,2.3
CALL743119,+12489461571,+14595176609,160,2025-03-06 12:14:13.231601,Incoming,Positive,New Plan Inquiry,4.7
CALL980431,+18694885589,+15593932437,2618,2025-02-21 03:22:13.231601,Outgoing,Positive,Billing Inquiry,4.3
CALL166282,+12230525037,+14323634394,2358,2025-03-03 22:51:13.231601,Incoming,Positive,Cancellation Request,5.0
CALL216810,+16962365144,+12149387385,2776,2025-02-19 09:07:13.231601,Incoming,Neutral,Billing Inquiry,2.9
CALL771184,+19008458087,+19074601025,3244,2025-03-10 05:13:13.231601,Incoming,Neutral,General Inquiry,3.7
CALL240872,+18361575637,+14375356673,2025,2025-02-21 05:01:13.231601,Incoming,Positive,New Plan Inquiry,4.8
CALL520497,+17957389079,+16732580642,3388,2025-03-03 00:08:13.231601,Outgoing,Neutral,General Inquiry,3.2
CALL169923,+12242157868,+18557560118,35,2025-03-12 18:52:13.231601,Outgoing,Positive,Billing Inquiry,4.2
CALL157906,+15034010307,+16428858721,2979,2025-03-19 07:39:13.231601,Outgoing,Negative,General Inquiry,2.4
CALL435198,+13225189311,+19904022442,2698,2025-03-15 14:21:13.231601,Outgoing,Negative,Service Upgrade,1.0
CALL714068,+12615590271,+13474013551,116,2025-03-05 11:51:13.231601,Incoming,Neutral,Technical Support,2.7
CALL287675,+14028517556,+15028978031,768,2025-03-09 06:34:13.231601,Outgoing,Negative,Billing Inquiry,1.7
CALL497368,+18864391875,+19481383532,2195,2025-03-08 12:54:13.231601,Outgoing,Negative,New Plan Inquiry,2.0
CALL304742,+18578764967,+16362898604,2660,2025-03-03 03:49:13.231601,Outgoing,Neutral,Billing Inquiry,3.0
CALL593343,+13077503703,+18375694752,1127,2025-03-08 22:09:13.231601,Incoming,Positive,Cancellation Request,4.6
CALL693919,+17832189650,+19800894752,3241,2025-02-20 12:04:13.231601,Incoming,Positive,Billing Inquiry,4.0
CALL430947,+17728037120,+13727221781,2490,2025-03-11 16:00:13.231601,Incoming,Neutral,Technical Support,3.2
CALL655240,+15456473723,+14225140594,1011,2025-03-03 12:31:13.231601,Outgoing,Negative,Billing Inquiry,2.2
CALL604517,+15254107627,+19563092814,2065,2025-02-19 20:35:13.231601,Outgoing,Positive,Technical Support,4.9
CALL921273,+17981035386,+19208749858,2651,2025-02-26 13:57:13.231601,Outgoing,Negative,Service Upgrade,1.6
CALL713233,+16642597206,+13432759069,1020,2025-03-12 19:25:13.231601,Incoming,Negative,Cancellation Request,1.3
CALL649540,+17090074772,+19065930979,1504,2025-02-20 07:30:13.231601,Outgoing,Negative,General Inquiry,1.5
CALL270118,+14876575121,+19392732800,1748,2025-03-12 18:31:13.231601,Incoming,Positive,General Inquiry,4.5
CALL585192,+15160598890,+12972691878,884,2025-03-10 14:35:13.231601,Outgoing,Positive,General Inquiry,4.4
CALL943526,+15349485379,+13740550902,399,2025-03-17 13:34:13.231601,Incoming,Neutral,Cancellation Request,3.7
CALL760144,+13794603809,+17301433126,1685,2025-03-18 00:56:13.231601,Outgoing,Positive,Technical Support,4.1
CALL326339,+19194066429,+13918378380,1904,2025-03-17 00:41:13.231601,Outgoing,Positive,Billing Inquiry,4.9
CALL350273,+17609310455,+12576349326,2475,2025-02-26 01:50:13.231601,Outgoing,Negative,General Inquiry,1.7
CALL381855,+12665932033,+14409226301,1487,2025-02-24 12:02:13.231601,Outgoing,Positive,New Plan Inquiry,4.0
CALL466770,+13848036114,+16603665522,307,2025-03-03 01:53:13.231601,Outgoing,Negative,Service Upgrade,1.3
CALL228688,+12138716742,+17863057860,3418,2025-02-21 08:02:13.231601,Outgoing,Neutral,Billing Inquiry,2.5
CALL917864,+19648710164,+18711192496,432,2025-03-09 13:26:13.231601,Outgoing,Negative,Billing Inquiry,2.0
CALL607838,+18983654682,+12764639963,2675,2025-03-13 12:53:13.231601,Outgoing,Neutral,Cancellation Request,3.4
CALL292879,+12609011055,+15018594818,2455,2025-03-14 09:17:13.231601,Incoming,Positive,Billing Inquiry,4.4
CALL433511,+17306465508,+16532809924,2223,2025-03-07 16:33:13.231601,Incoming,Positive,Service Upgrade,4.0
CALL755769,+14472047878,+17331386944,682,2025-03-01 23:08:13.231601,Incoming,Negative,Technical Support,1.7
CALL609091,+12158714669,+18368950760,930,2025-02-21 03:05:13.231601,Incoming,Neutral,Service Upgrade,3.6
CALL222216,+14514186996,+13159784344,2217,2025-02-26 10:50:13.231601,Incoming,Negative,Service Upgrade,1.3
CALL834124,+18503227532,+16791822431,2107,2025-03-16 10:35:13.231601,Outgoing,Neutral,New Plan Inquiry,3.8
CALL790334,+13776326175,+16573317531,885,2025-02-26 13:44:13.231601,Incoming,Positive,New Plan Inquiry,5.0
CALL801653,+16119644765,+19880465129,624,2025-03-01 22:38:13.231601,Incoming,Negative,Technical Support,1.9
CALL270203,+19040518777,+15388979384,910,2025-02-28 15:27:13.231601,Incoming,Positive,Technical Support,4.8
CALL738198,+18852937574,+15131426031,1419,2025-02-27 08:39:13.231601,Incoming,Positive,Billing Inquiry,4.2
CALL465830,+17304535990,+15565091805,427,2025-03-05 09:05:13.231601,Outgoing,Positive,Technical Support,4.5
CALL614775,+14107669760,+12056803809,1025,2025-02-20 21:41:13.231601,Outgoing,Neutral,General Inquiry,3.2
CALL450998,+16045355865,+16032655138,998,2025-03-10 22:40:13.231601,Incoming,Positive,Service Upgrade,4.5
CALL673287,+12449691352,+19212519866,2864,2025-03-19 00:58:13.231601,Incoming,Positive,New Plan Inquiry,5.0
CALL823801,+15609560091,+18909517281,1821,2025-03-18 19:40:13.231601,Outgoing,Positive,Billing Inquiry,4.7
CALL724145,+16600484812,+17800997289,1324,2025-02-22 11:35:13.231601,Incoming,Negative,Service Upgrade,2.3
CALL159148,+18348948222,+13577489206,612,2025-03-13 10:50:13.231601,Outgoing,Positive,Service Upgrade,4.6
CALL749672,+19688496444,+13018873755,3076,2025-02-18 20:47:13.231601,Outgoing,Positive,Billing Inquiry,4.7
CALL641170,+12329351346,+13494208364,1756,2025-02-23 08:08:13.231601,Outgoing,Negative,Billing Inquiry,2.1
CALL666949,+17302046981,+16111885677,2031,2025-03-02 08:04:13.231601,Outgoing,Positive,General Inquiry,4.2
CALL132682,+17659658311,+12641478660,3271,2025-02-26 17:02:13.231601,Incoming,Neutral,Cancellation Request,3.9
CALL544009,+14431998650,+19338702523,2941,2025-02-24 22:21:13.231601,Incoming,Positive,Service Upgrade,4.4
CALL599832,+17214619563,+19196138956,450,2025-02-19 10:22:13.231601,Incoming,Positive,Service Upgrade,4.2
CALL999948,+16544911990,+16621614814,733,2025-03-04 20:04:13.231601,Outgoing,Positive,General Inquiry,4.4
CALL362154,+17060924271,+15237065020,155,2025-03-04 10:13:13.231601,Outgoing,Negative,Service Upgrade,2.3
CALL247387,+15740030479,+14955946275,1393,2025-02-19 17:45:13.231601,Outgoing,Positive,Billing Inquiry,4.8
CALL817720,+12455759828,+17818036571,2870,2025-03-02 19:29:13.231601,Incoming,Negative,New Plan Inquiry,1.8
CALL141804,+19466800414,+19696269383,988,2025-02-19 02:34:13.231601,Incoming,Negative,Billing Inquiry,1.8
CALL389908,+19771240058,+17602564824,3231,2025-02-22 08:46:13.231601,Incoming,Positive,Cancellation Request,5.0
CALL826045,+19893287764,+12980129584,2850,2025-02-24 00:40:13.231601,Outgoing,Negative,New Plan Inquiry,1.1
CALL460739,+15075780110,+12248204425,1296,2025-03-02 14:47:13.231601,Incoming,Positive,Cancellation Request,4.7
CALL670814,+12868789168,+17675651381,3097,2025-03-09 19:54:13.231601,Incoming,Neutral,General Inquiry,2.6
CALL463872,+16451796557,+16655537297,1000,2025-02-24 14:06:13.231601,Incoming,Positive,New Plan Inquiry,4.7
CALL165448,+16459494002,+14274709026,2886,2025-03-05 17:45:13.231601,Outgoing,Neutral,Service Upgrade,3.1
CALL954362,+14750049362,+12236993441,3084,2025-03-18 07:42:13.231601,Outgoing,Negative,Technical Support,2.3
CALL745319,+18190442534,+14227117131,2034,2025-03-11 16:29:13.231601,Incoming,Positive,Technical Support,4.4
CALL477213,+17947563835,+19095504139,3279,2025-03-16 04:34:13.231601,Incoming,Negative,New Plan Inquiry,1.3
CALL930377,+18177008099,+13239496410,2315,2025-03-09 03:46:13.231601,Outgoing,Neutral,Cancellation Request,2.9
CALL683103,+12709283734,+17996579111,2797,2025-02-24 17:12:13.231601,Outgoing,Negative,Cancellation Request,2.1
CALL857416,+18827204628,+17509464487,2334,2025-03-10 10:42:13.231601,Incoming,Negative,Service Upgrade,1.6
CALL255532,+12768847738,+16294594022,1143,2025-03-01 01:37:13.231601,Incoming,Negative,New Plan Inquiry,1.6
CALL835803,+14652710420,+19597930606,3074,2025-03-16 10:27:13.231601,Incoming,Neutral,New Plan Inquiry,3.5
CALL198852,+18448011838,+12125794094,426,2025-03-18 13:13:13.231601,Outgoing,Negative,General Inquiry,1.2
CALL267226,+17072063973,+17600599144,3301,2025-03-15 06:18:13.231601,Outgoing,Neutral,Billing Inquiry,3.3
CALL530131,+15408102167,+14364516732,3023,2025-03-01 13:55:13.231601,Outgoing,Negative,Service Upgrade,2.2
CALL243481,+13000375369,+14175674957,388,2025-02-18 11:56:13.231601,Incoming,Neutral,Billing Inquiry,3.3
CALL196094,+12393699581,+13464721140,231,2025-02-18 00:52:13.231601,Incoming,Negative,Technical Support,1.8
CALL404075,+18018007130,+16860792614,2751,2025-03-02 21:45:13.231601,Incoming,Neutral,Technical Support,3.6
CALL241039,+15371359309,+15021026427,818,2025-02-26 23:07:13.231601,Incoming,Positive,Service Upgrade,4.0
CALL415806,+15046428378,+15250762596,1759,2025-03-03 20:23:13.231601,Outgoing,Negative,General Inquiry,2.1
CALL397048,+19635861735,+14080666456,41,2025-03-08 07:11:13.231601,Incoming,Positive,Service Upgrade,4.7
CALL150249,+19431226149,+15371451241,855,2025-03-03 21:29:13.231601,Incoming,Negative,General Inquiry,1.3
CALL219454,+13087185379,+12816110375,1994,2025-03-02 12:29:13.231601,Outgoing,Positive,New Plan Inquiry,4.8
CALL247984,+16480537765,+12409363434,2465,2025-03-09 14:57:13.231601,Incoming,Negative,Service Upgrade,2.0
CALL874759,+13812776150,+13129310699,2856,2025-03-01 02:58:13.231601,Outgoing,Negative,Cancellation Request,1.1
CALL782354,+12347029911,+14171082162,307,2025-03-15 04:31:13.231601,Outgoing,Negative,Service Upgrade,1.1
CALL996421,+19578319245,+18588162298,598,2025-03-09 09:13:13.231601,Incoming,Neutral,Technical Support,3.9
CALL651928,+16148817090,+15758489319,3339,2025-03-03 06:31:13.231601,Incoming,Negative,Service Upgrade,2.3
CALL880134,+18866042420,+12152314315,1207,2025-02-20 18:54:13.231601,Outgoing,Negative,Service Upgrade,2.2
CALL666406,+12047569487,+13052760466,425,2025-03-08 06:04:13.231601,Incoming,Neutral,New Plan Inquiry,3.3
CALL758811,+13207314714,+13300861430,2368,2025-03-04 04:54:13.231601,Incoming,Neutral,Cancellation Request,3.3
CALL171312,+15283119677,+15375218635,3036,2025-03-09 06:05:13.231601,Outgoing,Negative,Cancellation Request,1.2
CALL539043,+13044886427,+15799743330,2506,2025-03-09 08:20:13.231601,Outgoing,Negative,Technical Support,1.9
CALL792208,+19234471725,+17832753004,2681,2025-03-17 07:58:13.231601,Incoming,Neutral,New Plan Inquiry,3.6
CALL574150,+19714319038,+13153234928,2428,2025-03-13 23:41:13.231601,Incoming,Neutral,Technical Support,3.0
CALL986950,+14942535697,+14514784763,1876,2025-03-06 13:06:13.231601,Outgoing,Negative,Billing Inquiry,1.0
CALL150318,+19932747559,+17285992085,1358,2025-03-05 18:47:13.231601,Incoming,Negative,Technical Support,1.3
CALL760577,+14795077074,+14330368707,457,2025-03-01 21:39:13.231601,Outgoing,Positive,General Inquiry,4.3
CALL803428,+16335228958,+13993534737,1785,2025-03-14 08:53:13.231601,Outgoing,Negative,Billing Inquiry,2.1
CALL811661,+19400236591,+12763650423,1490,2025-03-14 01:26:13.231601,Outgoing,Negative,Cancellation Request,2.3
CALL262228,+12239596231,+14542284758,1454,2025-03-11 15:50:13.231601,Outgoing,Neutral,Service Upgrade,3.7
CALL595601,+14855045112,+15329065788,1863,2025-02-28 00:49:13.231601,Outgoing,Neutral,Cancellation Request,2.6
CALL982581,+17771357309,+16952305099,1867,2025-03-03 03:44:13.231601,Outgoing,Negative,Cancellation Request,1.4
CALL598516,+12340396909,+18064259385,2458,2025-02-22 08:22:13.231601,Incoming,Negative,Technical Support,2.2
CALL687551,+16625493855,+16976476469,504,2025-03-11 10:04:13.231601,Outgoing,Positive,Service Upgrade,4.3
CALL915940,+18793108123,+12593653366,3398,2025-03-06 23:14:13.231601,Outgoing,Negative,New Plan Inquiry,2.2
CALL543522,+16104104596,+13176704966,2981,2025-03-02 17:05:13.231601,Incoming,Positive,New Plan Inquiry,4.8
CALL770510,+18691682626,+19022899329,1651,2025-03-13 03:00:13.231601,Outgoing,Positive,General Inquiry,4.5
CALL470964,+18435358256,+15603576296,3434,2025-03-08 05:11:13.231601,Outgoing,Positive,Service Upgrade,4.2
CALL696183,+13861731520,+17555225984,2580,2025-03-19 15:45:13.231601,Outgoing,Positive,Cancellation Request,4.8
CALL319713,+14948542547,+16596315054,153,2025-03-14 19:21:13.231601,Outgoing,Neutral,General Inquiry,3.7
CALL489079,+14540175108,+15274503295,3353,2025-03-12 02:26:13.231601,Outgoing,Positive,Cancellation Request,4.5
CALL750407,+15702358462,+18315051302,1598,2025-03-12 07:15:13.231601,Outgoing,Positive,Billing Inquiry,4.0
CALL440039,+13890352281,+16659783612,647,2025-03-10 13:41:13.231601,Incoming,Negative,Technical Support,1.3
CALL230529,+18966535901,+13441526629,2890,2025-02-21 16:53:13.231601,Incoming,Neutral,Service Upgrade,2.8
CALL572947,+17066018714,+13440979104,1004,2025-03-13 08:01:13.231601,Incoming,Negative,New Plan Inquiry,1.1
CALL434569,+17218869082,+14993220940,1284,2025-03-09 17:58:13.231601,Outgoing,Neutral,New Plan Inquiry,2.7
CALL434049,+13583561210,+16414425284,1301,2025-02-27 06:21:13.231601,Outgoing,Positive,Billing Inquiry,4.8
CALL859861,+15543462216,+19626042043,2917,2025-03-06 15:50:13.231601,Incoming,Negative,Billing Inquiry,2.1
CALL518735,+12506151920,+14459667898,2626,2025-03-04 12:47:13.231601,Incoming,Neutral,General Inquiry,2.6
CALL636196,+18877836762,+13791738859,1012,2025-03-05 14:35:13.231601,Incoming,Positive,General Inquiry,4.7
CALL475009,+15716373790,+15672169146,1647,2025-02-23 11:56:13.231601,Incoming,Positive,Cancellation Request,4.3
CALL447155,+17941607684,+12403351822,689,2025-03-17 02:29:13.231601,Incoming,Negative,New Plan Inquiry,1.7
CALL702819,+19974247731,+18041894213,1252,2025-03-04 16:36:13.231601,Incoming,Positive,General Inquiry,4.2
CALL101353,+17248550621,+13883864475,1121,2025-03-19 15:00:13.231601,Outgoing,Negative,Technical Support,1.6
CALL848487,+17784946718,+16866646424,2577,2025-03-02 11:31:13.231601,Incoming,Positive,New Plan Inquiry,4.5
CALL426975,+16903780137,+16340520689,1161,2025-03-14 15:54:13.231601,Incoming,Positive,Service Upgrade,4.6
CALL106679,+19531948579,+17869971922,2644,2025-03-11 12:46:13.231601,Outgoing,Positive,General Inquiry,5.0
CALL431007,+18817221106,+17112136923,354,2025-03-18 10:34:13.231601,Incoming,Negative,Billing Inquiry,2.1
CALL793876,+15355708057,+13341731227,933,2025-02-23 14:16:13.231601,Outgoing,Positive,General Inquiry,4.2
CALL703008,+17139394642,+15537726146,3510,2025-03-09 01:24:13.231601,Outgoing,Neutral,Billing Inquiry,3.3
CALL180447,+15610584875,+14181908325,1216,2025-03-03 08:32:13.231601,Incoming,Positive,New Plan Inquiry,4.5
CALL467144,+16003012914,+18546012876,3338,2025-02-18 23:02:13.231601,Incoming,Negative,Technical Support,1.9
CALL225448,+19862597428,+16394041289,918,2025-02-23 10:56:13.231601,Incoming,Neutral,Service Upgrade,3.1
CALL279813,+15943376472,+15093646651,1064,2025-02-25 05:33:13.231601,Outgoing,Positive,Cancellation Request,4.8
CALL706460,+13100957781,+18619237050,3244,2025-03-14 18:56:13.231601,Incoming,Neutral,Technical Support,3.3
CALL930223,+15988167288,+15739683290,2496,2025-03-10 13:03:13.231601,Incoming,Positive,Billing Inquiry,5.0
CALL299168,+18321021872,+13556777815,1750,2025-03-16 10:29:13.231601,Outgoing,Negative,Billing Inquiry,2.3
CALL506309,+14476823277,+19327405606,1197,2025-03-03 09:37:13.231601,Incoming,Positive,New Plan Inquiry,4.5
CALL270190,+13613741401,+14154968767,3302,2025-03-09 03:55:13.231601,Outgoing,Positive,Cancellation Request,4.8
CALL742374,+15057943561,+17698634465,466,2025-03-14 05:40:13.231601,Incoming,Neutral,Cancellation Request,3.4
CALL636980,+18492816274,+14698219055,410,2025-03-08 01:48:13.231601,Outgoing,Positive,General Inquiry,4.1
CALL450768,+18692006779,+17429932278,948,2025-03-18 21:01:13.231601,Incoming,Positive,Cancellation Request,4.8
CALL263779,+14034548303,+16832524598,1862,2025-03-12 01:26:13.231601,Outgoing,Positive,General Inquiry,4.3
CALL128743,+18168365258,+19439399994,3557,2025-02-19 19:03:13.231601,Incoming,Neutral,Cancellation Request,3.7
CALL788037,+17712182663,+14813286239,2515,2025-02-25 14:45:13.231601,Outgoing,Neutral,Cancellation Request,2.8
CALL787125,+19474019009,+16997680808,3460,2025-03-11 12:30:13.231601,Incoming,Positive,General Inquiry,4.7
CALL564877,+17405163912,+15604831119,64,2025-02-20 18:01:13.231601,Outgoing,Positive,Billing Inquiry,4.6
CALL359530,+16245244742,+12627156121,2550,2025-03-09 13:07:13.231601,Incoming,Positive,Cancellation Request,4.2
CALL902831,+18461869058,+18690911610,3435,2025-03-03 19:03:13.231601,Outgoing,Positive,Billing Inquiry,4.4
CALL389198,+12430450193,+14580701812,2201,2025-03-14 22:27:13.231601,Outgoing,Negative,Service Upgrade,1.9
CALL537797,+13575580308,+17401430829,124,2025-03-13 05:24:13.231601,Incoming,Neutral,New Plan Inquiry,3.6
CALL305069,+19376118974,+16846740568,2211,2025-02-24 16:45:13.231601,Incoming,Neutral,General Inquiry,2.8
CALL510971,+14864522334,+15175600932,3407,2025-03-11 17:14:13.231601,Outgoing,Negative,New Plan Inquiry,1.3
CALL752891,+12181242710,+12205943868,2099,2025-03-15 13:40:13.231601,Incoming,Negative,Service Upgrade,2.2
CALL512262,+19142165020,+16273240905,1323,2025-02-18 05:44:13.231601,Outgoing,Negative,New Plan Inquiry,1.8
CALL575074,+14119862506,+19675811078,1235,2025-03-08 12:33:13.231601,Outgoing,Positive,Service Upgrade,4.3
CALL272745,+18345093796,+15355071042,2249,2025-03-08 02:49:13.231601,Incoming,Neutral,New Plan Inquiry,2.9
CALL157265,+17028239944,+19907160391,2006,2025-03-09 21:18:13.231601,Incoming,Neutral,Billing Inquiry,2.5
CALL213358,+19451593239,+16723870087,1449,2025-03-11 23:09:13.231601,Outgoing,Positive,Technical Support,4.8
CALL847385,+14081593669,+13911526145,2280,2025-03-05 17:12:13.231601,Outgoing,Positive,General Inquiry,4.2
CALL467438,+18317969770,+12476953345,3596,2025-03-01 23:24:13.231601,Incoming,Negative,Cancellation Request,2.0
CALL830144,+15865391538,+16411145159,1161,2025-03-02 23:47:13.231601,Outgoing,Neutral,General Inquiry,3.5
CALL967428,+17558846187,+17185851131,2913,2025-03-16 12:50:13.231601,Outgoing,Positive,Cancellation Request,4.4
CALL327022,+18485156076,+12141530443,2266,2025-03-10 13:00:13.231601,Incoming,Neutral,Technical Support,2.6
CALL281653,+17151312904,+13591085270,71,2025-02-23 09:08:13.231601,Incoming,Negative,Cancellation Request,2.2
CALL493002,+16773949395,+16518388418,2530,2025-03-14 22:45:13.231601,Incoming,Neutral,Service Upgrade,3.5
CALL888688,+19348088126,+12694731454,3174,2025-03-04 19:47:13.231601,Incoming,Negative,Service Upgrade,2.2
CALL533074,+17826012313,+18679208066,2293,2025-03-07 12:46:13.231601,Outgoing,Neutral,Cancellation Request,2.6
CALL637395,+13990389782,+18770364192,3567,2025-02-24 20:28:13.231601,Incoming,Positive,New Plan Inquiry,4.1
CALL510027,+17247142141,+18450663723,322,2025-02-19 08:45:13.231601,Incoming,Neutral,Service Upgrade,2.8
CALL615562,+18481315698,+12931419442,1551,2025-03-18 23:40:13.231601,Outgoing,Negative,General Inquiry,1.9
CALL129010,+15398953874,+19567281571,74,2025-03-13 08:57:13.231601,Incoming,Positive,General Inquiry,4.1
CALL972799,+18250425586,+15174150524,500,2025-02-18 21:07:13.231601,Outgoing,Positive,Technical Support,4.9
CALL192126,+15018522925,+17567990558,2510,2025-03-10 16:14:13.231601,Outgoing,Positive,Billing Inquiry,4.7
CALL100698,+18701344276,+13177714472,2309,2025-03-04 12:03:13.231601,Outgoing,Negative,Technical Support,1.7
CALL139799,+15614731423,+19901782628,1873,2025-03-13 02:33:13.231601,Outgoing,Negative,Billing Inquiry,1.5
CALL382247,+15663188702,+13075268692,3474,2025-03-13 15:12:13.231601,Outgoing,Negative,New Plan Inquiry,2.3
CALL681196,+15077157739,+18822763801,1041,2025-03-13 08:43:13.231601,Incoming,Negative,Service Upgrade,1.4
CALL218329,+16436184502,+19730595566,2785,2025-03-05 20:20:13.231601,Incoming,Negative,Service Upgrade,1.8
CALL951532,+13257625084,+18368477017,2859,2025-02-24 13:53:13.231601,Outgoing,Negative,New Plan Inquiry,1.7
CALL592245,+14803219557,+16668817460,818,2025-02-23 22:50:13.231601,Outgoing,Negative,Service Upgrade,2.4
CALL889514,+18110038498,+14595606491,1716,2025-02-26 21:26:13.231601,Incoming,Positive,Cancellation Request,5.0
CALL814713,+15225141640,+13391636341,38,2025-03-04 16:29:13.231601,Incoming,Neutral,Billing Inquiry,3.6
CALL185294,+18437725310,+19158462637,2767,2025-03-08 14:03:13.231601,Outgoing,Negative,General Inquiry,2.1
CALL963009,+17061576510,+16140154014,183,2025-03-15 03:42:13.231601,Outgoing,Neutral,General Inquiry,3.3
CALL266952,+17383277282,+18264917187,876,2025-03-06 19:19:13.231601,Outgoing,Neutral,Cancellation Request,3.7
CALL107990,+14645339569,+13952024004,848,2025-03-19 10:36:13.231601,Incoming,Positive,Service Upgrade,4.6
CALL847368,+14975177900,+17417929802,1738,2025-02-28 04:05:13.231601,Outgoing,Negative,Billing Inquiry,1.6
CALL311249,+16408049850,+18362388093,523,2025-03-06 16:55:13.231601,Outgoing,Negative,Service Upgrade,2.1
CALL390273,+16964953892,+12032530304,2208,2025-03-19 02:57:13.231601,Outgoing,Negative,New Plan Inquiry,1.7
CALL353267,+12351891473,+15801853906,934,2025-02-24 14:39:13.231601,Incoming,Neutral,Service Upgrade,3.4
CALL243081,+16957959650,+12008281706,2340,2025-02-22 09:49:13.231601,Outgoing,Negative,Cancellation Request,1.7
CALL272924,+19798444041,+17004751841,430,2025-03-18 02:16:13.231601,Outgoing,Positive,Billing Inquiry,4.4
CALL564259,+15902895853,+12612299989,2961,2025-02-21 09:55:13.231601,Outgoing,Neutral,Billing Inquiry,3.7
CALL571049,+17566480478,+14964711647,1398,2025-03-14 01:17:13.231601,Outgoing,Negative,Cancellation Request,1.8
CALL182143,+15509865845,+16602385592,1364,2025-03-03 10:09:13.231601,Incoming,Negative,Service Upgrade,1.2
CALL175449,+16160408265,+14519064330,3508,2025-02-28 16:19:13.231601,Outgoing,Negative,General Inquiry,2.2
CALL744458,+19011436131,+19748266716,923,2025-03-16 08:31:13.231601,Outgoing,Positive,New Plan Inquiry,4.3
CALL830864,+16265816466,+12560942225,1848,2025-03-14 22:58:13.231601,Incoming,Neutral,General Inquiry,2.6
CALL668514,+15930231084,+18693120214,2512,2025-03-09 10:54:13.231601,Incoming,Negative,Billing Inquiry,1.9
CALL396059,+15590507169,+13030077791,781,2025-03-12 22:24:13.231601,Outgoing,Neutral,Billing Inquiry,2.9
CALL151527,+15614269872,+15742994513,2170,2025-03-04 02:35:13.231601,Outgoing,Negative,Cancellation Request,1.3
CALL675534,+16262026046,+15651434027,1218,2025-02-21 17:01:13.231601,Incoming,Neutral,Cancellation Request,2.7
CALL666227,+17439687533,+19229827945,144,2025-02-25 16:13:13.231601,Incoming,Negative,General Inquiry,2.1
CALL232506,+15079505239,+18740207597,499,2025-03-12 04:11:13.231601,Incoming,Negative,Technical Support,2.1
CALL199267,+12125669022,+19727077584,1722,2025-02-21 20:30:13.231601,Incoming,Positive,New Plan Inquiry,4.7
CALL993900,+16522236800,+14422660177,3373,2025-02-19 13:17:13.231601,Incoming,Negative,New Plan Inquiry,1.4
CALL339620,+13006867448,+16364843177,410,2025-03-19 08:43:13.231601,Outgoing,Neutral,General Inquiry,3.8
CALL964088,+16858107352,+13900273092,3511,2025-02-20 22:45:13.231601,Outgoing,Neutral,Service Upgrade,3.0
CALL798267,+15543155792,+12144591640,278,2025-02-24 03:20:13.231601,Outgoing,Negative,Technical Support,1.2
CALL591322,+15816750640,+15924724881,1022,2025-02-20 08:21:13.231601,Outgoing,Negative,General Inquiry,1.3
CALL127853,+15858752010,+13146276651,3262,2025-03-02 01:50:13.231601,Outgoing,Negative,Billing Inquiry,1.5
CALL403511,+17339104368,+13041132917,1916,2025-02-26 07:08:13.231601,Outgoing,Neutral,Cancellation Request,3.8
CALL356782,+19627148840,+14672616724,2372,2025-03-16 16:03:13.231601,Incoming,Neutral,General Inquiry,3.4
CALL160533,+13534815206,+17371809058,2815,2025-02-22 19:50:13.231601,Outgoing,Positive,Service Upgrade,4.4
CALL112207,+19626444563,+12042715866,1890,2025-02-23 05:38:13.231601,Incoming,Negative,General Inquiry,2.0
CALL778804,+12940418831,+18385379468,3510,2025-02-24 01:14:13.231601,Incoming,Positive,New Plan Inquiry,4.4
CALL428568,+12897801739,+18884229887,3363,2025-02-21 16:09:13.231601,Outgoing,Neutral,Technical Support,3.1
CALL345261,+17821547381,+15231519404,1892,2025-03-14 11:47:13.231601,Outgoing,Neutral,New Plan Inquiry,3.2
CALL426985,+18235426621,+16374847638,2850,2025-03-05 11:25:13.231601,Incoming,Positive,Technical Support,4.8
CALL618495,+19676337867,+19204605158,2260,2025-03-08 21:56:13.231601,Outgoing,Neutral,New Plan Inquiry,3.9
CALL415476,+18358518651,+14650793225,1084,2025-03-02 16:48:13.231601,Outgoing,Positive,Cancellation Request,4.5
CALL801227,+18693790565,+18592628145,1489,2025-03-10 00:30:13.231601,Incoming,Neutral,Billing Inquiry,2.7
CALL468543,+19763568595,+14105101005,2777,2025-03-13 10:28:13.231601,Outgoing,Negative,New Plan Inquiry,2.4
CALL319028,+12313284627,+16713036015,766,2025-03-14 10:52:13.231601,Incoming,Neutral,Service Upgrade,3.4
CALL664282,+19623318024,+17927987063,1218,2025-02-22 22:39:13.231601,Incoming,Neutral,Cancellation Request,2.9
CALL265946,+19359095798,+18199465127,1630,2025-03-02 19:00:13.231601,Outgoing,Positive,Billing Inquiry,4.6
CALL292183,+15572260983,+17443544565,1325,2025-03-09 22:44:13.231601,Outgoing,Positive,Billing Inquiry,4.4
CALL997444,+16122967847,+15580188304,1707,2025-02-25 08:33:13.231601,Incoming,Negative,Cancellation Request,2.1
CALL224689,+18567822843,+14914443794,3016,2025-03-14 18:23:13.231601,Outgoing,Positive,Billing Inquiry,5.0
CALL904623,+16445520586,+17747775377,58,2025-03-13 23:46:13.231601,Outgoing,Positive,New Plan Inquiry,4.1
CALL511073,+17635057779,+17313145245,561,2025-03-07 09:14:13.231601,Outgoing,Positive,General Inquiry,4.6
CALL109898,+15756962847,+15739100134,1526,2025-03-09 22:42:13.231601,Outgoing,Positive,Billing Inquiry,4.7
CALL924336,+17969612621,+13552510624,947,2025-03-04 21:16:13.231601,Outgoing,Neutral,Billing Inquiry,2.9
CALL971495,+19066275445,+17032806910,1029,2025-02-17 22:06:13.231601,Incoming,Positive,Cancellation Request,4.7
CALL772229,+14036350964,+13630712924,2854,2025-02-22 08:27:13.231601,Incoming,Negative,Technical Support,1.4
CALL987909,+13638037592,+16376974481,3012,2025-03-10 15:58:13.231601,Incoming,Neutral,General Inquiry,2.7
CALL765749,+15567299598,+12383656661,1082,2025-03-10 02:55:13.231601,Incoming,Positive,Service Upgrade,5.0
CALL378669,+18650026731,+13904288703,1187,2025-03-02 21:47:13.231601,Outgoing,Neutral,Billing Inquiry,3.0
CALL819765,+12448088608,+19449077591,1314,2025-02-22 14:48:13.231601,Incoming,Positive,Cancellation Request,5.0
CALL585592,+17633864621,+19530692366,2419,2025-02-21 03:31:13.231601,Outgoing,Positive,Technical Support,4.8
CALL442529,+18651412990,+17825368932,80,2025-03-16 06:09:13.231601,Outgoing,Negative,New Plan Inquiry,1.1
CALL990964,+12667957179,+17816981220,2412,2025-03-08 06:55:13.231601,Incoming,Positive,New Plan Inquiry,4.0
CALL822421,+13193691789,+19897316325,2294,2025-03-14 13:29:13.231601,Incoming,Neutral,New Plan Inquiry,2.6
CALL189302,+15135440121,+16852232184,2628,2025-03-16 03:00:13.231601,Incoming,Positive,Billing Inquiry,4.8
CALL279553,+18529516306,+18284650638,2545,2025-03-18 17:34:13.231601,Outgoing,Neutral,Technical Support,3.6
CALL439477,+14205843045,+15625247535,1446,2025-02-23 03:43:13.231601,Incoming,Neutral,Technical Support,3.4
CALL247936,+15669386349,+13625397061,775,2025-03-07 23:00:13.231601,Incoming,Positive,Technical Support,4.8
CALL610939,+12292258477,+16750402285,636,2025-03-06 07:12:13.231601,Incoming,Negative,General Inquiry,2.4
CALL243185,+15222518943,+14506117492,1011,2025-02-21 22:20:13.231601,Incoming,Negative,Service Upgrade,2.2
CALL916242,+16745695131,+17809099678,2788,2025-03-02 06:05:13.231601,Incoming,Negative,Technical Support,2.0
CALL576573,+15661570002,+19680506892,1139,2025-03-09 22:49:13.231601,Outgoing,Negative,Billing Inquiry,1.7
CALL767121,+13813006895,+13769940077,464,2025-03-17 06:44:13.231601,Incoming,Neutral,Technical Support,3.0
CALL215689,+18339265333,+19714913255,3342,2025-03-01 22:24:13.231601,Outgoing,Neutral,Technical Support,3.9
CALL369315,+15201012337,+17769348904,2484,2025-03-05 18:54:13.231601,Outgoing,Negative,Cancellation Request,2.2
CALL245366,+12045633067,+17253248639,2456,2025-03-02 04:05:13.231601,Outgoing,Negative,Service Upgrade,1.6
CALL129393,+13990097763,+14373619151,1597,2025-02-28 15:22:13.231601,Incoming,Positive,Technical Support,4.1
CALL846057,+13941581437,+19022103403,2283,2025-02-23 07:56:13.231601,Outgoing,Neutral,Billing Inquiry,3.4
CALL542679,+14389243366,+17667905534,2707,2025-03-13 23:04:13.231601,Incoming,Positive,General Inquiry,4.5
CALL532580,+16606963503,+18147259251,2299,2025-03-15 18:58:13.231601,Incoming,Positive,New Plan Inquiry,4.5
CALL844576,+13312526263,+16074001857,131,2025-03-06 05:38:13.231601,Outgoing,Negative,General Inquiry,1.1
CALL162757,+19640641581,+13247270545,888,2025-03-17 14:49:13.231601,Outgoing,Negative,Service Upgrade,2.1
CALL707719,+13140196802,+18328667062,2405,2025-03-08 09:30:13.231601,Outgoing,Positive,New Plan Inquiry,4.3
CALL599274,+12601265929,+15068196123,1988,2025-02-23 05:20:13.231601,Incoming,Negative,Billing Inquiry,1.0
CALL463347,+18536468534,+17965310183,2003,2025-03-15 22:58:13.231601,Outgoing,Neutral,Cancellation Request,3.6
CALL982177,+19969244234,+17603137046,805,2025-02-25 09:52:13.231601,Incoming,Neutral,Technical Support,2.6
CALL424340,+18514056359,+17752168470,99,2025-02-26 19:52:13.231601,Outgoing,Negative,Billing Inquiry,2.1
CALL731549,+17210233698,+18132578540,2515,2025-03-04 15:29:13.231601,Outgoing,Positive,Billing Inquiry,4.2
CALL787037,+16826310327,+17793140965,3128,2025-03-10 20:10:13.231601,Outgoing,Positive,Billing Inquiry,4.2
CALL357859,+17499982878,+15508451521,3420,2025-02-26 15:04:13.231601,Outgoing,Neutral,Billing Inquiry,3.8
CALL720560,+18140329963,+13483181546,3488,2025-02-17 21:03:13.231601,Incoming,Neutral,Billing Inquiry,2.7
CALL477200,+14899995205,+15168020554,3143,2025-03-09 12:23:13.231601,Incoming,Neutral,Technical Support,3.7
CALL634016,+16457200748,+19857575037,3026,2025-02-21 00:12:13.231601,Incoming,Neutral,Service Upgrade,2.7
CALL624690,+17221421285,+15753941741,2328,2025-03-18 21:25:13.231601,Incoming,Neutral,Service Upgrade,3.0
CALL508499,+16745778776,+14979367725,1002,2025-03-04 04:30:13.231601,Outgoing,Neutral,Technical Support,3.1
CALL195217,+13448733456,+16343070304,3133,2025-02-21 20:02:13.231601,Incoming,Neutral,Technical Support,2.5
CALL283195,+19223505928,+12534884504,1393,2025-03-02 08:44:13.231601,Incoming,Negative,General Inquiry,1.4
CALL803255,+14847242231,+14448497237,389,2025-02-23 19:47:13.231601,Incoming,Positive,Service Upgrade,4.3
CALL257235,+15380222162,+14707508066,224,2025-03-05 23:27:13.231601,Outgoing,Negative,Billing Inquiry,1.1
CALL678115,+15431866584,+18743969724,1825,2025-03-19 05:10:13.231601,Incoming,Negative,Cancellation Request,2.3
CALL365657,+15421048349,+16781046163,2484,2025-02-22 06:57:13.231601,Incoming,Neutral,Service Upgrade,3.5
CALL890367,+12322656668,+17205412958,1704,2025-03-15 20:40:13.231601,Incoming,Positive,Technical Support,4.0
CALL636349,+19514250448,+12456174721,3376,2025-03-12 08:00:13.231601,Incoming,Negative,Technical Support,1.1
CALL795755,+15311179313,+14133895633,72,2025-03-04 16:06:13.231601,Outgoing,Neutral,Cancellation Request,3.7
CALL489940,+12958899338,+14559500016,3345,2025-02-25 18:40:13.231601,Incoming,Neutral,Technical Support,3.2
CALL556198,+14536444631,+14118734722,2932,2025-03-12 16:17:13.231601,Incoming,Positive,Technical Support,4.2
CALL551261,+12382802574,+15128141258,654,2025-03-03 11:46:13.231601,Outgoing,Negative,New Plan Inquiry,1.7
CALL725199,+17690460215,+14930988465,3591,2025-03-06 01:32:13.231601,Outgoing,Negative,Cancellation Request,1.4
CALL556690,+16809089488,+13599571587,3292,2025-03-06 13:10:13.231601,Outgoing,Negative,General Inquiry,1.5
CALL247635,+19122335707,+13854173412,120,2025-02-22 15:02:13.231601,Outgoing,Negative,Technical Support,1.9
CALL301326,+18731739298,+16236689201,1844,2025-03-10 17:28:13.231601,Outgoing,Neutral,General Inquiry,2.5
CALL108508,+13028022635,+16221721700,130,2025-02-18 14:12:13.231601,Outgoing,Negative,New Plan Inquiry,1.5
CALL638545,+16225216129,+13248003221,2607,2025-03-07 22:05:13.231601,Outgoing,Neutral,Cancellation Request,3.2
CALL756900,+17587333321,+18406285478,1751,2025-03-11 15:43:13.231601,Outgoing,Negative,General Inquiry,1.8
CALL821204,+13256331808,+13609000533,2266,2025-03-05 17:26:13.231601,Outgoing,Negative,Technical Support,1.7
CALL898932,+19434690456,+17002351308,1953,2025-03-11 04:20:13.231601,Outgoing,Positive,Technical Support,4.9
CALL760968,+19962665791,+12601368779,2314,2025-02-18 15:25:13.231601,Incoming,Neutral,Service Upgrade,2.6
CALL237704,+19877529020,+14483777917,1711,2025-03-13 16:00:13.231601,Incoming,Negative,Technical Support,1.2
CALL799672,+19149618815,+17631222441,1423,2025-03-18 11:13:13.231601,Incoming,Neutral,New Plan Inquiry,3.5
CALL457478,+14129424208,+17366384043,894,2025-03-17 02:57:13.231601,Outgoing,Positive,New Plan Inquiry,4.1
CALL506782,+16738898838,+18885802652,112,2025-03-05 15:02:13.231601,Outgoing,Neutral,Cancellation Request,2.6
CALL913527,+16929538654,+19255991859,410,2025-03-06 19:09:13.231601,Incoming,Negative,General Inquiry,2.3
CALL697927,+16440244600,+17509015547,2261,2025-03-18 14:12:13.231601,Incoming,Neutral,Billing Inquiry,3.5
CALL976862,+14464612751,+12329912828,496,2025-02-23 06:29:13.231601,Outgoing,Positive,Cancellation Request,4.2
CALL430583,+17273171513,+12325933204,2141,2025-03-07 18:20:13.231601,Outgoing,Neutral,Service Upgrade,3.0
CALL809907,+12089731658,+18591133283,2962,2025-03-15 23:16:13.231601,Incoming,Neutral,Billing Inquiry,3.8
CALL669272,+18222467555,+14010249788,1643,2025-03-04 05:30:13.231601,Outgoing,Neutral,Cancellation Request,3.5
CALL568064,+15572839197,+19616890480,2059,2025-03-14 00:36:13.231601,Outgoing,Neutral,Technical Support,2.7
CALL459181,+14836547197,+19481453247,1594,2025-03-18 12:22:13.231601,Outgoing,Neutral,General Inquiry,3.6
CALL834939,+17225789026,+12026542012,3124,2025-02-25 08:35:13.231601,Outgoing,Negative,Billing Inquiry,1.8
CALL778568,+16422345515,+13695910599,2789,2025-02-27 05:14:13.231601,Incoming,Neutral,Cancellation Request,2.7
CALL939551,+13507900691,+16902843484,2484,2025-03-02 09:29:13.231601,Outgoing,Positive,Billing Inquiry,4.6
CALL260326,+17966629008,+14897306693,884,2025-02-21 03:00:13.231601,Outgoing,Positive,General Inquiry,4.0
CALL927412,+17526542043,+14845743932,286,2025-02-24 22:26:13.231601,Incoming,Negative,General Inquiry,1.9
CALL705172,+15210578681,+14152072853,2662,2025-03-06 10:42:13.231601,Incoming,Neutral,New Plan Inquiry,3.7
CALL727940,+17381191227,+18888309755,2769,2025-02-28 21:25:13.231601,Incoming,Neutral,Service Upgrade,3.5
CALL528491,+13667437380,+14197768671,91,2025-02-19 19:09:13.231601,Outgoing,Negative,Billing Inquiry,1.1
CALL733088,+18081143506,+19234204327,2099,2025-02-20 06:49:13.231601,Incoming,Positive,Billing Inquiry,4.8
CALL508059,+18055366665,+15538165523,3208,2025-03-01 12:53:13.231601,Incoming,Neutral,General Inquiry,3.5
CALL122877,+14944612182,+12619464271,3103,2025-03-06 16:08:13.231601,Outgoing,Positive,Technical Support,4.8
CALL711693,+12824824627,+17124946828,655,2025-03-18 18:13:13.231601,Outgoing,Negative,New Plan Inquiry,1.0
CALL116128,+18813100260,+19800286241,734,2025-03-19 01:20:13.231601,Outgoing,Negative,Service Upgrade,2.4
CALL558545,+15468353278,+15576979692,732,2025-03-08 05:34:13.231601,Incoming,Positive,New Plan Inquiry,4.1
CALL724048,+14491179275,+12139620482,3154,2025-03-11 00:28:13.231601,Outgoing,Negative,Billing Inquiry,1.4
CALL964062,+14217817191,+15992134400,1607,2025-02-18 09:17:13.231601,Incoming,Negative,Cancellation Request,1.8
CALL179187,+12414908771,+14043217337,707,2025-03-06 02:40:13.231601,Incoming,Neutral,General Inquiry,3.8
CALL391522,+19886554239,+18766079514,1615,2025-02-21 20:24:13.231601,Outgoing,Negative,Cancellation Request,2.0
CALL628293,+17978656629,+13490814387,2885,2025-02-22 05:31:13.231601,Outgoing,Negative,New Plan Inquiry,2.2
CALL971172,+16636924326,+14579820707,2130,2025-03-19 00:18:13.231601,Incoming,Negative,Cancellation Request,2.0
CALL190395,+19621469151,+16005278476,1905,2025-03-10 05:50:13.231601,Outgoing,Neutral,Technical Support,3.4
CALL691668,+12372119442,+19356854351,1907,2025-03-14 03:39:13.231601,Incoming,Negative,Billing Inquiry,1.8
CALL510277,+14252131597,+12761887344,3443,2025-03-10 17:00:13.231601,Outgoing,Neutral,Billing Inquiry,2.8
CALL648928,+18496767518,+13144847756,396,2025-03-08 02:56:13.231601,Outgoing,Neutral,New Plan Inquiry,3.4
CALL126220,+18375387861,+17294309195,3050,2025-03-09 01:09:13.231601,Outgoing,Neutral,General Inquiry,3.6
CALL128419,+17597084457,+13612316604,662,2025-03-01 20:57:13.231601,Outgoing,Positive,Billing Inquiry,4.5
CALL665575,+17404078961,+13181661204,1303,2025-03-05 21:47:13.231601,Incoming,Positive,Service Upgrade,5.0
CALL155257,+12695812002,+13177661105,1086,2025-03-14 05:02:13.231601,Outgoing,Positive,Billing Inquiry,4.6
CALL829332,+15309297400,+18204325637,457,2025-02-18 06:15:13.231601,Outgoing,Positive,Billing Inquiry,4.8
CALL601377,+18469853310,+14176656826,2443,2025-03-17 12:30:13.231601,Incoming,Neutral,Billing Inquiry,2.7
CALL724892,+14158787297,+12713695504,531,2025-03-01 19:30:13.231601,Incoming,Negative,Cancellation Request,2.0
CALL530571,+19861267704,+13681802988,2088,2025-02-24 06:17:13.231601,Outgoing,Negative,Service Upgrade,2.2
CALL159262,+18828876787,+18826997182,473,2025-03-15 05:35:13.231601,Outgoing,Neutral,Technical Support,2.6
CALL717252,+15528296933,+13397106357,3102,2025-03-11 07:47:13.231601,Incoming,Neutral,General Inquiry,3.5
CALL253919,+12210491696,+19303795272,1132,2025-03-15 10:50:13.231601,Outgoing,Neutral,Cancellation Request,2.5
CALL570438,+18800437432,+18619288664,2741,2025-03-14 04:41:13.231601,Incoming,Neutral,New Plan Inquiry,3.6
CALL537461,+16508921711,+14856373463,1732,2025-03-13 07:32:13.231601,Outgoing,Negative,Cancellation Request,1.9
CALL967612,+12858192730,+16936317914,2754,2025-03-06 08:34:13.231601,Incoming,Neutral,Cancellation Request,3.2
CALL513228,+17826087971,+13276267614,2830,2025-03-11 23:23:13.231601,Incoming,Neutral,Cancellation Request,3.4
